{
  "auprc": 0.860882657741366,
  "auroc": 0.9760007407577551,
  "f1": 0.8633879781420765,
  "mcc": 0.8653625643290579,
  "optimal_threshold": 0.6822829999368537
}